Make,Model, Year , Mileage ,Condition, Price 
Ford,Silverado,2022,18107,Excellent,19095
Toyota,Silverado,2014,13578,Excellent,27321
Chevrolet,Civic,2016,46054,Good,23697
Ford,Civic,2022,34981,Excellent,18251
Chevrolet,Civic,2019,63565,Excellent,19822
Ford,Silverado,2013,23600,Excellent,27820
Toyota,Altima,2014,11470,Excellent,27427
Chevrolet,Silverado,2015,89471,Good,22527
Ford,Camry,2014,121298,Good,21935
Ford,Altima,2016,110691,Excellent,20465
Toyota,Altima,2019,112693,Excellent,17365
Nissan,Silverado,2016,101914,Good,20904
Toyota,Silverado,2012,79902,Excellent,26005
Chevrolet,Silverado,2021,97489,Excellent,16126
Toyota,F-150,2014,72976,Excellent,24351
Ford,F-150,2022,40633,Good,17968
Chevrolet,F-150,2017,48281,Fair,22586
Nissan,Altima,2020,33054,Good,20347
Chevrolet,Camry,2010,121446,Excellent,25928
Nissan,Civic,2013,61672,Good,25916
Ford,Silverado,2015,126395,Good,20680
Nissan,Camry,2021,119784,Excellent,15011
Chevrolet,Silverado,2014,148697,Good,20565
Nissan,Altima,2020,100665,Good,16967
Ford,Civic,2010,66951,Excellent,28652
Toyota,F-150,2017,65559,Excellent,21722
Ford,Silverado,2018,69109,Excellent,20545
Ford,Camry,2013,75631,Good,25219
Honda,Civic,2022,34080,Excellent,18296
Honda,F-150,2011,134672,Fair,24267
Honda,F-150,2011,54295,Excellent,28285
Ford,Altima,2022,20693,Excellent,18965
Honda,Camry,2010,63740,Excellent,28813
Toyota,Silverado,2019,117503,Good,17125
Chevrolet,Camry,2017,81466,Excellent,20927
Chevrolet,Altima,2013,106330,Excellent,23683
Chevrolet,F-150,2020,43785,Excellent,19811
Chevrolet,Silverado,2013,102118,Excellent,23894
Nissan,Camry,2013,96202,Excellent,24190
Chevrolet,Civic,2019,133627,Fair,16319
Toyota,Civic,2020,131994,Excellent,15400
Ford,Camry,2022,38705,Fair,18065
Toyota,Camry,2021,139945,Good,14003
Honda,Silverado,2016,69108,Fair,22545
Nissan,F-150,2011,17149,Good,30143
Toyota,F-150,2013,53165,Fair,26342
Ford,Camry,2010,105649,Excellent,26718
Toyota,Altima,2014,72408,Good,24380
Toyota,Civic,2014,88835,Good,23558
Honda,Civic,2022,17332,Excellent,19134
Toyota,F-150,2010,123884,Excellent,25806
Honda,Camry,2018,40238,Excellent,21988
Toyota,Altima,2021,36817,Excellent,19159
Toyota,Altima,2017,44880,Excellent,22756
Nissan,Silverado,2016,77083,Excellent,22146
Nissan,Altima,2011,33565,Excellent,29322
Ford,Camry,2012,36404,Excellent,28180
Toyota,Civic,2019,81972,Good,18902
Toyota,Civic,2018,90846,Good,19458
Ford,Camry,2015,11809,Fair,26410
Nissan,Silverado,2010,19317,Excellent,31034
Toyota,Silverado,2020,54542,Excellent,19273
Chevrolet,Camry,2019,16493,Excellent,22175
Honda,Civic,2012,99506,Excellent,25025
Ford,Camry,2012,38647,Fair,28068
Nissan,F-150,2018,103960,Excellent,18802
Ford,F-150,2017,132338,Excellent,18383
Honda,Silverado,2014,68639,Excellent,24568
Honda,Camry,2014,56311,Good,25184
Ford,Camry,2012,102278,Good,24886
Ford,Altima,2015,35930,Good,25204
Toyota,Civic,2016,96869,Fair,21156
Chevrolet,F-150,2010,87051,Good,27647
Ford,Camry,2020,46163,Excellent,19692
Honda,F-150,2017,119991,Good,19001
Ford,Altima,2017,135196,Good,18240
Nissan,Altima,2018,23116,Excellent,22844
Chevrolet,Altima,2018,66236,Excellent,20688
Toyota,F-150,2010,144751,Excellent,24762
Toyota,F-150,2017,101000,Excellent,19950
Honda,Civic,2016,27511,Excellent,24624
Chevrolet,Civic,2020,14488,Excellent,21276
Nissan,Silverado,2021,105493,Excellent,15725
Nissan,Camry,2013,58378,Good,26081
Toyota,Altima,2013,119427,Excellent,23029
Honda,Silverado,2016,119802,Excellent,20010
Toyota,Altima,2012,141113,Good,22944
Toyota,Silverado,2011,146622,Excellent,23669
Honda,Altima,2018,79364,Excellent,20032
Chevrolet,Silverado,2015,141793,Excellent,19910
Nissan,Civic,2011,14744,Excellent,30263
Chevrolet,Silverado,2021,70347,Good,17483
Chevrolet,Civic,2011,68245,Good,27588
Chevrolet,F-150,2017,83613,Excellent,20819
Nissan,Altima,2018,133106,Good,17345
Toyota,F-150,2013,119617,Fair,23019
Ford,F-150,2015,57207,Excellent,24140
Nissan,Altima,2010,52477,Excellent,29376
Nissan,F-150,2020,37978,Excellent,20101
Nissan,Civic,2015,53814,Excellent,24309
Honda,Camry,2010,17346,Fair,31133
Ford,Civic,2022,44885,Excellent,17756
Nissan,F-150,2017,50778,Excellent,22461
Nissan,Silverado,2011,70039,Good,27498
Nissan,F-150,2012,89140,Good,25543
Toyota,Altima,2018,43774,Excellent,21811
Chevrolet,Civic,2011,22840,Excellent,29858
Ford,Altima,2011,76361,Good,27182
Nissan,Camry,2010,82212,Good,27889
Chevrolet,Civic,2022,113433,Excellent,14328
Toyota,Camry,2019,69114,Fair,19544
Honda,Camry,2011,144023,Fair,23799
Honda,Camry,2017,28625,Excellent,23569
Honda,Altima,2020,108484,Excellent,16576
Ford,Civic,2014,119922,Excellent,22004
Chevrolet,Altima,2010,18123,Excellent,31094
Honda,F-150,2014,46654,Good,25667
Chevrolet,F-150,2011,98362,Good,26082
Ford,Camry,2022,74707,Good,16265
Chevrolet,F-150,2020,75798,Excellent,18210
Chevrolet,Civic,2020,73758,Excellent,18312
Toyota,Silverado,2012,22391,Excellent,28880
Toyota,Camry,2021,85415,Good,16729
Chevrolet,Altima,2021,114819,Good,15259
Toyota,Altima,2012,121983,Excellent,23901
Ford,Silverado,2011,86608,Excellent,26670
Ford,Civic,2017,26893,Excellent,23655
Nissan,Silverado,2022,57948,Excellent,17103
Toyota,Camry,2019,116033,Excellent,17198
Ford,Altima,2022,57614,Good,17119
Nissan,F-150,2011,94477,Excellent,26276
Honda,Silverado,2016,79418,Excellent,22029
Toyota,F-150,2017,117603,Good,19120
Nissan,Silverado,2012,56035,Fair,27198
Nissan,Civic,2020,31617,Excellent,20419
Honda,Camry,2010,111314,Good,26434
Nissan,Camry,2015,93694,Good,22315
Chevrolet,Altima,2020,97649,Excellent,17118
Chevrolet,Altima,2010,143341,Good,24833
Honda,F-150,2020,49271,Good,19536
Toyota,F-150,2019,78634,Excellent,19068
Nissan,Silverado,2011,77599,Good,27120
Toyota,Altima,2022,110727,Fair,14464
Ford,Camry,2016,113300,Excellent,20335
Toyota,Civic,2018,66884,Excellent,20656
Nissan,Altima,2012,23004,Good,28850
Nissan,Altima,2013,39951,Excellent,27003
Ford,Silverado,2018,130659,Excellent,17467
Ford,Silverado,2015,127075,Excellent,20646
Ford,F-150,2020,20087,Excellent,20996
Toyota,Civic,2017,67872,Excellent,21606
Nissan,Altima,2020,11995,Excellent,21400
Ford,F-150,2022,144488,Excellent,12776
Ford,Silverado,2012,80614,Fair,25969
Ford,Civic,2021,11008,Excellent,20450
Chevrolet,Altima,2013,126240,Excellent,22688
Nissan,Camry,2010,44176,Excellent,29791
Ford,Silverado,2011,61439,Excellent,27928
Chevrolet,Camry,2022,33301,Excellent,18335
Nissan,Civic,2015,22701,Good,25865
Nissan,Camry,2019,88786,Excellent,18561
Honda,Silverado,2013,131297,Excellent,22435
Chevrolet,F-150,2010,127915,Excellent,25604
Toyota,Camry,2010,89811,Fair,27510
Chevrolet,F-150,2016,26015,Good,24699
Toyota,Silverado,2019,60439,Excellent,19978
Ford,Civic,2018,62889,Good,20856
Chevrolet,Civic,2014,15780,Excellent,27211
Honda,Silverado,2021,119069,Excellent,15047
Chevrolet,Silverado,2016,49785,Excellent,23511
Nissan,Camry,2011,29605,Fair,29520
Nissan,Silverado,2011,118725,Excellent,25064
Chevrolet,F-150,2013,29419,Excellent,27529
Nissan,Silverado,2018,137243,Fair,17138
Ford,Civic,2015,94655,Good,22267
Ford,F-150,2021,77019,Excellent,17149
Chevrolet,F-150,2010,63956,Good,28802
Honda,Civic,2019,49430,Excellent,20529
Nissan,Civic,2019,88161,Excellent,18592
Honda,Silverado,2021,96829,Excellent,16159
Honda,F-150,2022,59978,Fair,17001
Ford,Silverado,2016,13887,Good,25306
Honda,Civic,2010,29471,Excellent,30527
Honda,F-150,2019,72274,Excellent,19386
Ford,Civic,2020,107666,Fair,16617
Toyota,Civic,2015,127814,Excellent,20609
Toyota,F-150,2020,44070,Excellent,19797
Toyota,F-150,2010,111984,Excellent,26401
Nissan,Civic,2016,64951,Excellent,22753
Chevrolet,Altima,2015,10380,Excellent,26481
Toyota,Civic,2016,14614,Excellent,25269
Chevrolet,Civic,2018,48931,Excellent,21554
Toyota,F-150,2012,129019,Excellent,23549
Toyota,Silverado,2013,127266,Good,22637
Nissan,F-150,2016,48764,Good,23562
Toyota,Altima,2016,137717,Good,19114
Toyota,F-150,2015,116517,Good,21174
Honda,Altima,2020,35657,Fair,20217
Nissan,F-150,2016,99491,Excellent,21026
Ford,F-150,2019,126402,Excellent,16680
Nissan,Altima,2011,149343,Excellent,23533
Honda,Altima,2014,101720,Excellent,22914
Toyota,Camry,2015,24020,Excellent,25799
Chevrolet,Civic,2020,116223,Excellent,16189
Ford,Silverado,2019,131090,Excellent,16446
Chevrolet,Altima,2022,14891,Fair,19256
Ford,F-150,2016,44978,Excellent,23751
Nissan,Civic,2019,27588,Good,21621
Honda,Silverado,2014,18854,Good,27057
Nissan,Camry,2019,63399,Excellent,19830
Chevrolet,F-150,2011,128100,Excellent,24595
Honda,F-150,2014,145225,Excellent,20739
Toyota,Camry,2011,144456,Excellent,23777
Ford,Civic,2011,10079,Excellent,30496
Nissan,Camry,2015,98839,Excellent,22058
Ford,F-150,2011,128863,Fair,24557
Toyota,Camry,2021,144496,Excellent,13775
Toyota,Camry,2014,148505,Good,20575
Ford,F-150,2019,122685,Excellent,16866
Chevrolet,Camry,2019,106227,Good,17689
Chevrolet,Civic,2011,30366,Fair,29482
Chevrolet,Altima,2022,139004,Fair,13050
Ford,Altima,2017,109535,Excellent,19523
Toyota,Altima,2021,136052,Fair,14198
Ford,Camry,2017,71493,Excellent,21425
Ford,F-150,2013,64742,Excellent,25763
Nissan,Camry,2013,29720,Excellent,27514
Nissan,Camry,2019,38797,Excellent,21060
Toyota,Altima,2015,76373,Excellent,23181
Honda,Altima,2017,22255,Excellent,23887
Toyota,F-150,2016,15027,Good,25249
Toyota,Civic,2019,44445,Good,20778
Honda,Silverado,2020,105729,Excellent,16714
Ford,Altima,2011,10786,Excellent,30461
Chevrolet,Altima,2021,128974,Excellent,14551
Toyota,Civic,2022,139651,Excellent,13018
Chevrolet,Silverado,2011,79307,Good,27035
Nissan,Camry,2014,74491,Excellent,24276
Honda,Altima,2012,105128,Good,24744
Nissan,F-150,2013,49149,Good,26543
Ford,Camry,2015,97393,Excellent,22130
Chevrolet,Altima,2021,51669,Excellent,18417
Toyota,Altima,2012,145731,Excellent,22713
Nissan,Camry,2012,31349,Excellent,28433
Honda,Silverado,2020,59912,Good,19005
Ford,F-150,2013,42090,Good,26896
Nissan,F-150,2015,57147,Excellent,24143
Nissan,Altima,2017,56782,Good,22161
Nissan,Silverado,2014,14405,Excellent,27280
Ford,Civic,2011,144382,Excellent,23781
Ford,Civic,2019,98392,Good,18080
Ford,Civic,2021,78264,Fair,17087
Chevrolet,Civic,2019,63972,Excellent,19802
Nissan,Silverado,2020,94694,Excellent,17265
Honda,Camry,2010,104044,Excellent,26798
Nissan,Altima,2019,12555,Good,22372
Ford,Altima,2021,123549,Excellent,14823
Nissan,Civic,2021,57139,Good,18143
Toyota,Silverado,2015,17004,Good,26150
Chevrolet,Altima,2014,73885,Excellent,24306
Toyota,Silverado,2012,93543,Excellent,25323
Toyota,Silverado,2018,96735,Excellent,19163
Toyota,Altima,2017,105618,Good,19719
Chevrolet,Camry,2011,65729,Good,27714
Ford,Camry,2016,99676,Excellent,21016
Chevrolet,Camry,2018,147651,Excellent,16617
Honda,F-150,2013,135326,Good,22234
Nissan,F-150,2010,50011,Good,29499
Ford,Altima,2015,31804,Excellent,25410
Nissan,F-150,2015,103452,Excellent,21828
Nissan,Silverado,2018,81973,Fair,19901
Ford,Civic,2020,68319,Excellent,18584
Ford,Civic,2010,51796,Fair,29410
Toyota,Silverado,2011,73851,Good,27308
Toyota,Silverado,2022,56697,Good,17165
Nissan,Silverado,2016,11305,Good,25435
Honda,Civic,2011,117131,Good,25143
Honda,Silverado,2015,48441,Good,24578
Honda,Silverado,2013,26857,Good,27657
Toyota,Silverado,2015,133560,Excellent,20322
Honda,Civic,2015,143862,Excellent,19807
Nissan,Silverado,2011,137159,Fair,24142
Nissan,Camry,2015,69944,Good,23503
Nissan,Altima,2013,78616,Good,25069
Honda,Camry,2011,98208,Fair,26090
Honda,Altima,2014,67624,Excellent,24619
Nissan,Civic,2021,106793,Excellent,15660
Nissan,Silverado,2014,39631,Excellent,26019
Chevrolet,Silverado,2016,116407,Good,20180
Nissan,F-150,2010,48764,Good,29562
Ford,Camry,2014,128951,Good,21553
Toyota,Civic,2021,12202,Excellent,20390
Honda,Silverado,2021,29624,Excellent,19519
Ford,Altima,2011,122440,Fair,24878
Chevrolet,Camry,2012,47357,Excellent,27632
Honda,Camry,2015,97155,Fair,22142
Chevrolet,Camry,2019,47483,Excellent,20626
Honda,Civic,2016,118154,Good,20092
Toyota,Altima,2021,129563,Excellent,14522
Honda,F-150,2013,107377,Good,23631
Ford,Silverado,2017,93016,Good,20349
Nissan,Civic,2021,117283,Excellent,15136
Honda,Altima,2019,17700,Excellent,22115
Ford,Civic,2012,72515,Excellent,26374
Nissan,Civic,2019,117574,Excellent,17121
Chevrolet,F-150,2021,48316,Excellent,18584
Chevrolet,Altima,2014,76270,Fair,24187
Honda,F-150,2022,77705,Good,16115
Honda,Silverado,2015,81927,Excellent,22904
Toyota,Silverado,2018,148147,Good,16593
Toyota,F-150,2014,57872,Good,25106
Honda,Silverado,2014,89643,Excellent,23518
Nissan,Civic,2021,41393,Fair,18930
Honda,F-150,2012,131779,Fair,23411
Nissan,Altima,2018,45636,Excellent,21718
Chevrolet,Camry,2016,51005,Excellent,23450
Nissan,Civic,2017,80534,Excellent,20973
Nissan,Silverado,2022,83667,Good,15817
Honda,Camry,2019,24396,Good,21780
Nissan,Camry,2011,12670,Excellent,30367
Toyota,Altima,2017,133563,Good,18322
Toyota,Altima,2019,35960,Excellent,21202
Toyota,Camry,2018,127007,Fair,17650
Chevrolet,Altima,2011,112332,Excellent,25384
Nissan,F-150,2018,23963,Excellent,22802
Chevrolet,F-150,2018,102496,Excellent,18875
Nissan,Civic,2011,98379,Good,26081
Ford,F-150,2010,32664,Fair,30367
Nissan,Silverado,2013,79668,Excellent,25017
Ford,Altima,2022,77020,Good,16149
Chevrolet,F-150,2022,26242,Excellent,18688
Nissan,Civic,2019,93552,Excellent,18322
Chevrolet,Camry,2019,97616,Fair,18119
Toyota,Camry,2016,127326,Excellent,19634
Chevrolet,Silverado,2011,29379,Excellent,29531
Toyota,Camry,2019,132258,Excellent,16387
Ford,Altima,2012,26858,Excellent,28657
Toyota,Silverado,2019,132549,Excellent,16373
Honda,Camry,2017,137062,Fair,18147
Nissan,Altima,2014,102123,Fair,22894
Nissan,Camry,2022,87290,Good,15636
Honda,Civic,2015,146704,Excellent,19665
Toyota,Altima,2017,137604,Good,18120
Nissan,Altima,2016,61257,Excellent,22937
Toyota,Civic,2011,68325,Excellent,27584
Toyota,Civic,2020,94847,Good,17258
Honda,Civic,2014,131078,Fair,21446
Toyota,F-150,2019,52450,Fair,20378
Chevrolet,Camry,2016,13492,Excellent,25326
Ford,Silverado,2020,16317,Good,21184
Honda,F-150,2019,79262,Excellent,19037
Honda,Civic,2011,51775,Excellent,28411
Chevrolet,Altima,2017,21717,Excellent,23914
Toyota,Camry,2021,105673,Excellent,15716
Ford,Civic,2019,13424,Excellent,22329
Nissan,Silverado,2011,32459,Fair,29377
Chevrolet,Altima,2019,105923,Excellent,17704
Ford,Altima,2016,91947,Excellent,21403
Ford,Altima,2013,58045,Excellent,26098
Honda,Camry,2016,125517,Excellent,19724
Toyota,Civic,2019,126523,Excellent,16674
Toyota,Silverado,2014,118261,Excellent,22087
Honda,Silverado,2014,72376,Excellent,24381
Honda,Silverado,2013,142970,Excellent,21852
Honda,Camry,2012,140853,Excellent,22957
Nissan,Camry,2015,75691,Excellent,23216
Honda,Silverado,2016,100367,Good,20982
Toyota,Altima,2020,37051,Excellent,20147
Ford,Silverado,2018,141756,Excellent,16912
Toyota,Civic,2018,59531,Excellent,21024
Chevrolet,F-150,2019,46696,Excellent,20665
Chevrolet,Civic,2016,66677,Good,22666
Nissan,F-150,2016,39911,Good,24005
Toyota,Silverado,2021,42395,Excellent,18880
Honda,Silverado,2013,28141,Excellent,27593
Honda,Altima,2020,103522,Excellent,16824
Ford,Camry,2017,120980,Fair,18951
Ford,F-150,2020,123309,Excellent,15835
Chevrolet,F-150,2020,132448,Fair,15378
Chevrolet,Camry,2018,52704,Good,21365
Toyota,Camry,2014,149570,Excellent,20522
Ford,Altima,2019,84918,Excellent,18754
Chevrolet,Altima,2014,138012,Excellent,21099
Ford,Camry,2018,118435,Excellent,18078
Toyota,Altima,2020,121125,Excellent,15944
Ford,Civic,2014,44962,Excellent,25752
Toyota,Silverado,2012,57881,Good,27106
Honda,Silverado,2016,130595,Good,19470
Honda,Silverado,2019,86855,Fair,18657
Ford,F-150,2018,42669,Excellent,21867
Ford,Camry,2019,127210,Excellent,16640
Ford,Silverado,2022,111694,Good,14415
Chevrolet,Camry,2010,50056,Excellent,29497
Ford,Silverado,2011,102294,Fair,25885
Ford,Civic,2017,23363,Excellent,23832
Toyota,Altima,2011,30166,Excellent,29492
Chevrolet,Camry,2021,106594,Excellent,15670
Ford,Silverado,2016,48490,Good,23575
Ford,Silverado,2010,93271,Excellent,27337
Ford,Silverado,2017,40831,Good,22959
Nissan,Silverado,2018,86192,Excellent,19691
Chevrolet,Silverado,2014,44619,Excellent,25769
Ford,Civic,2022,25928,Excellent,18704
Nissan,Camry,2013,43433,Good,26828
Nissan,Altima,2011,60548,Good,27973
Honda,Altima,2014,90224,Good,23489
Toyota,Altima,2010,51134,Good,29443
Honda,Silverado,2017,63390,Excellent,21831
Toyota,F-150,2021,18104,Excellent,20095
Nissan,Civic,2016,89158,Fair,21542
Chevrolet,Silverado,2021,30611,Excellent,19469
Chevrolet,Camry,2014,121589,Excellent,21921
Chevrolet,Camry,2019,34918,Good,21254
Toyota,F-150,2020,99917,Fair,17004
Honda,Altima,2014,58887,Excellent,25056
Nissan,Altima,2021,101862,Excellent,15907
Honda,Camry,2014,51798,Excellent,25410
Ford,Civic,2010,14502,Good,31275
Honda,Altima,2016,101123,Excellent,20944
Honda,Camry,2013,17912,Excellent,28104
Ford,Civic,2019,36297,Good,21185
Honda,Silverado,2020,11052,Excellent,21448
Honda,Altima,2012,40442,Good,27978
Honda,Camry,2011,19491,Good,30026
Toyota,Camry,2019,31246,Excellent,21438
Chevrolet,Camry,2010,97733,Good,27113
Honda,Altima,2011,28108,Good,29595
Toyota,Civic,2010,59668,Excellent,29017
Honda,Altima,2011,58163,Good,28092
Honda,Altima,2022,60927,Excellent,16954
Chevrolet,Silverado,2014,22980,Fair,26851
Honda,Camry,2014,19437,Good,27028
Chevrolet,Civic,2013,46895,Good,26655
Chevrolet,Silverado,2015,27971,Excellent,25601
Honda,Silverado,2022,23865,Fair,18807
Chevrolet,F-150,2021,102564,Excellent,15872
Chevrolet,Camry,2011,134783,Fair,24261
Chevrolet,F-150,2020,133725,Good,15314
Toyota,Silverado,2015,136557,Good,20172
Nissan,Altima,2019,93735,Good,18313
Toyota,Camry,2010,124705,Excellent,25765
Nissan,Silverado,2011,121548,Excellent,24923
Toyota,Camry,2019,144647,Excellent,15768
Toyota,Camry,2012,71281,Good,26436
Nissan,Silverado,2020,103321,Good,16834
Ford,Camry,2014,110462,Good,22477
Ford,Altima,2012,99189,Fair,25041
Ford,Silverado,2022,19645,Excellent,19018
Ford,F-150,2012,71988,Excellent,26401
Chevrolet,F-150,2011,27303,Good,29635
Chevrolet,Camry,2010,99101,Excellent,27045
Chevrolet,Camry,2016,71865,Excellent,22407
Chevrolet,Altima,2013,120835,Good,22958
Ford,Camry,2011,123679,Fair,24816
Ford,Silverado,2013,114176,Excellent,23291
Ford,Camry,2021,14029,Fair,20298
Ford,F-150,2019,42231,Excellent,20889
Nissan,Camry,2018,27069,Good,22647
Chevrolet,Altima,2012,149613,Good,22519
Honda,Silverado,2017,70771,Excellent,21462
Honda,Altima,2018,89682,Excellent,19516
Chevrolet,F-150,2016,70317,Excellent,22484
Chevrolet,Silverado,2020,37236,Excellent,20138
Honda,Silverado,2019,63167,Excellent,19842
Nissan,Civic,2016,127662,Excellent,19617
Toyota,Civic,2010,105765,Excellent,26712
Honda,F-150,2016,46605,Excellent,23670
Honda,Altima,2010,109918,Excellent,26504
Honda,F-150,2015,44741,Excellent,24763
Chevrolet,Altima,2020,64646,Fair,18768
Chevrolet,Silverado,2019,130681,Excellent,16466
Chevrolet,Civic,2021,121983,Good,14901
Toyota,Altima,2016,12869,Excellent,25357
Nissan,Civic,2010,74570,Excellent,28272
Honda,Camry,2016,125259,Fair,19737
Ford,F-150,2019,22474,Excellent,21876
Ford,Camry,2018,17053,Fair,23147
Nissan,Civic,2021,122651,Good,14868
Honda,Silverado,2021,130042,Good,14498
Honda,F-150,2013,33515,Excellent,27324
Ford,Altima,2012,101831,Excellent,24909
Ford,Civic,2021,30893,Excellent,19455
Chevrolet,F-150,2014,33760,Good,26312
Honda,Silverado,2018,53638,Good,21318
Ford,Altima,2010,134717,Excellent,25264
Toyota,Civic,2017,70870,Fair,21457
Ford,F-150,2022,147742,Excellent,12613
Chevrolet,Altima,2018,40594,Good,21970
Toyota,Silverado,2014,24128,Fair,26794
Toyota,Altima,2020,65285,Good,18736
Chevrolet,Camry,2017,22334,Excellent,23883
Nissan,Altima,2011,90734,Good,26463
Ford,Silverado,2012,129184,Excellent,23541
Honda,Altima,2019,71338,Excellent,19433
Toyota,Silverado,2015,120720,Fair,20964
Toyota,Civic,2012,132012,Good,23399
Nissan,Silverado,2014,55001,Excellent,25250
Honda,Silverado,2012,140142,Excellent,22993
Nissan,Camry,2022,62974,Fair,16851
Toyota,Camry,2017,87569,Excellent,20622
Toyota,Civic,2021,98158,Excellent,16092
Ford,Silverado,2016,101330,Good,20933
Toyota,F-150,2011,87729,Excellent,26614
Honda,Altima,2016,46914,Excellent,23654
Ford,F-150,2014,27120,Excellent,26644
Ford,Camry,2017,55739,Good,22213
Nissan,Camry,2015,131563,Good,20422
Honda,Altima,2021,118937,Good,15053
Nissan,F-150,2013,109321,Excellent,23534
Chevrolet,Camry,2020,29755,Good,20512
Nissan,Camry,2020,25872,Excellent,20706
Chevrolet,Silverado,2022,125945,Excellent,13703
Chevrolet,Silverado,2019,63271,Fair,19837
Chevrolet,F-150,2010,52941,Excellent,29353
Toyota,Altima,2014,119129,Excellent,22044
Toyota,Altima,2022,50136,Good,17493
Toyota,Civic,2018,42073,Excellent,21896
Chevrolet,F-150,2015,147849,Excellent,19608
Nissan,F-150,2017,37884,Fair,23106
Ford,Silverado,2021,89782,Excellent,16511
Chevrolet,Camry,2018,127513,Excellent,17624
Toyota,Altima,2010,29791,Excellent,30511
Chevrolet,Silverado,2017,42364,Excellent,22882
Toyota,Camry,2014,57943,Good,25103
Ford,F-150,2014,135770,Good,21212
Nissan,Altima,2015,77740,Excellent,23113
Chevrolet,Silverado,2012,26940,Good,28653
Ford,Camry,2014,36210,Good,26190
Chevrolet,F-150,2017,66819,Excellent,21659
Nissan,Camry,2014,43424,Fair,25829
Honda,Camry,2017,103903,Good,19805
Nissan,Silverado,2021,98401,Good,16080
Ford,F-150,2016,28225,Good,24589
Toyota,Altima,2015,65064,Excellent,23747
Chevrolet,Altima,2011,69323,Good,27534
Chevrolet,F-150,2015,26418,Fair,25679
Nissan,Civic,2015,32282,Excellent,25386
Toyota,Camry,2011,134292,Good,24285
Ford,Civic,2010,121868,Excellent,25907
Ford,Silverado,2011,106621,Excellent,25669
Honda,Silverado,2022,28261,Good,18587
Nissan,F-150,2010,42099,Good,29895
Honda,Civic,2020,28846,Fair,20558
Toyota,Silverado,2010,123140,Fair,25843
Chevrolet,Civic,2015,120715,Excellent,20964
Ford,Civic,2013,56750,Fair,26163
Chevrolet,Civic,2018,61510,Good,20925
Ford,Civic,2022,54507,Excellent,17275
Honda,Civic,2018,78256,Excellent,20087
Ford,F-150,2015,99084,Excellent,22046
Nissan,Camry,2015,51625,Excellent,24419
Nissan,Camry,2022,73222,Fair,16339
Toyota,F-150,2015,49624,Excellent,24519
Honda,Silverado,2021,81288,Good,16936
Nissan,Silverado,2014,133552,Excellent,21323
Chevrolet,Altima,2022,85718,Excellent,15714
Honda,Civic,2018,136822,Excellent,17159
Chevrolet,Altima,2010,100958,Excellent,26952
Honda,Civic,2022,110420,Good,14479
Chevrolet,Silverado,2017,149439,Good,17528
Chevrolet,Camry,2018,112050,Excellent,18398
Honda,F-150,2015,24487,Fair,25776
Toyota,Altima,2021,82355,Good,16882
Nissan,F-150,2022,11057,Excellent,19447
Ford,Camry,2016,114976,Good,20251
Honda,Altima,2021,31087,Excellent,19446
Chevrolet,Silverado,2018,65155,Good,20742
Chevrolet,Altima,2022,87360,Good,15632
Chevrolet,F-150,2022,83446,Good,15828
Nissan,Camry,2018,144159,Excellent,16792
Ford,Camry,2021,126747,Excellent,14663
Ford,Silverado,2014,105007,Excellent,22750
Honda,Altima,2010,131693,Excellent,25415
Toyota,Silverado,2022,125405,Excellent,13730
Chevrolet,Camry,2010,64157,Excellent,28792
Nissan,Altima,2022,137639,Excellent,13118
Ford,Altima,2014,56259,Good,25187
Toyota,Altima,2010,70775,Excellent,28461
Chevrolet,Camry,2017,35981,Excellent,23201
Chevrolet,Silverado,2016,52022,Excellent,23399
Chevrolet,Altima,2014,87329,Good,23634
Toyota,Silverado,2017,12288,Excellent,24386
Honda,Civic,2022,142482,Excellent,12876
Honda,F-150,2011,35805,Excellent,29210
Nissan,Civic,2015,91550,Good,22423
Chevrolet,Altima,2020,125852,Excellent,15707
Nissan,Altima,2013,29419,Excellent,27529
Toyota,Altima,2017,82000,Excellent,20900
Chevrolet,Civic,2016,93459,Good,21327
Honda,Civic,2018,27846,Excellent,22608
Nissan,Camry,2018,13723,Excellent,23314
Toyota,Camry,2011,143351,Excellent,23833
Toyota,Civic,2015,80511,Excellent,22975
Honda,Civic,2022,98546,Good,15073
Honda,Altima,2022,66060,Excellent,16697
Chevrolet,F-150,2010,129583,Excellent,25521
Ford,F-150,2019,24578,Good,21771
Ford,Altima,2011,16447,Good,30178
Chevrolet,Civic,2014,52705,Excellent,25365
Toyota,Altima,2012,39118,Excellent,28044
Toyota,Altima,2012,139087,Excellent,23046
Toyota,Silverado,2016,129611,Fair,19519
Chevrolet,F-150,2014,82880,Excellent,23856
Nissan,Altima,2017,105416,Excellent,19729
Ford,F-150,2012,134181,Good,23291
Toyota,Civic,2016,80795,Excellent,21960
Honda,Silverado,2014,21339,Excellent,26933
Nissan,F-150,2013,48480,Good,26576
Chevrolet,Silverado,2012,133111,Good,23345
Honda,Silverado,2012,112469,Good,24377
Nissan,Silverado,2012,73578,Excellent,26321
Ford,Altima,2011,118056,Excellent,25097
Toyota,Camry,2011,57879,Excellent,28106
Nissan,Camry,2018,65718,Excellent,20714
Nissan,F-150,2021,60272,Fair,17987
Nissan,Camry,2010,54344,Excellent,29283
Chevrolet,Silverado,2014,106646,Good,22668
Chevrolet,Civic,2013,66247,Good,25688
Chevrolet,F-150,2021,40122,Excellent,18994
Ford,Silverado,2017,18119,Good,24094
Honda,Camry,2010,121674,Excellent,25916
Toyota,Camry,2020,107058,Excellent,16647
Nissan,F-150,2014,99627,Excellent,23019
Nissan,Camry,2016,95531,Excellent,21224
Toyota,Camry,2012,98006,Good,25100
Honda,Civic,2017,96018,Excellent,20199
Ford,Camry,2012,13306,Good,29335
Chevrolet,F-150,2012,61491,Excellent,26925
Chevrolet,Altima,2018,51008,Excellent,21450
Ford,Silverado,2016,102895,Excellent,20855
Chevrolet,F-150,2014,29491,Excellent,26526
Honda,F-150,2017,39333,Fair,23033
Ford,Altima,2014,28350,Excellent,26583
Honda,F-150,2020,116611,Fair,16170
Toyota,F-150,2013,29909,Fair,27505
Chevrolet,Camry,2010,136821,Good,25159
Toyota,Altima,2014,80948,Excellent,23953
Chevrolet,Camry,2014,71453,Excellent,24427
Chevrolet,Silverado,2010,116617,Excellent,26169
Toyota,Silverado,2017,131649,Excellent,18418
Honda,Altima,2010,114848,Excellent,26258
Honda,Civic,2014,17168,Good,27142
Toyota,F-150,2010,47014,Excellent,29649
Ford,Civic,2012,116576,Excellent,24171
Nissan,Camry,2019,53540,Excellent,20323
Honda,Altima,2021,149648,Good,13518
Honda,Altima,2010,123807,Excellent,25810
Honda,Camry,2014,96707,Fair,23165
Nissan,Altima,2018,88234,Excellent,19588
Nissan,Silverado,2014,90705,Excellent,23465
Honda,Altima,2021,142456,Good,13877
Honda,Silverado,2020,19789,Good,21011
Ford,Camry,2018,88406,Good,19580
Toyota,Silverado,2019,131966,Fair,16402
Honda,Altima,2022,33316,Excellent,18334
Nissan,F-150,2020,55979,Good,19201
Toyota,Silverado,2022,127604,Fair,13620
Toyota,Altima,2019,140224,Good,15989
Honda,Altima,2016,121615,Excellent,19919
Chevrolet,Civic,2022,107782,Excellent,14611
Toyota,Silverado,2011,124052,Excellent,24797
Nissan,Altima,2019,104878,Excellent,17756
Honda,Altima,2021,64317,Excellent,17784
Honda,Silverado,2012,143456,Excellent,22827
Honda,Silverado,2016,98304,Excellent,21085
Chevrolet,F-150,2021,122918,Good,14854
Chevrolet,Civic,2010,14506,Fair,31275
Honda,Camry,2013,24945,Fair,27753
Ford,Altima,2013,13416,Excellent,28329
Nissan,Altima,2020,24393,Good,20780
Chevrolet,Camry,2021,136237,Excellent,14188
Honda,Silverado,2020,31470,Excellent,20427
Honda,Altima,2021,63376,Excellent,17831
Honda,Silverado,2022,85972,Excellent,15702
Toyota,Camry,2017,54466,Good,22277
Nissan,Camry,2011,103788,Excellent,25811
Honda,Silverado,2011,87442,Excellent,26628
Ford,Altima,2011,76042,Good,27198
Honda,F-150,2013,36544,Excellent,27173
Nissan,Altima,2014,109684,Excellent,22516
Ford,Civic,2013,81670,Good,24917
Nissan,Altima,2018,97881,Excellent,19106
Honda,Silverado,2021,52464,Fair,18377
Ford,F-150,2013,121745,Excellent,22913
Honda,F-150,2014,103515,Good,22824
Ford,Camry,2020,30823,Excellent,20459
Nissan,Altima,2012,149794,Excellent,22510
Chevrolet,Civic,2017,16738,Excellent,24163
Nissan,Camry,2014,54608,Excellent,25270
Nissan,Altima,2022,47702,Excellent,17615
Ford,Camry,2021,61150,Excellent,17943
Nissan,F-150,2020,62934,Excellent,18853
Toyota,F-150,2021,111050,Excellent,15448
Nissan,Camry,2013,139970,Excellent,22002
Toyota,Altima,2019,48268,Excellent,20587
Ford,F-150,2013,102622,Excellent,23869
Ford,Civic,2014,58577,Excellent,25071
Ford,Camry,2017,97843,Good,20108
Ford,Camry,2022,29471,Excellent,18526
Chevrolet,Camry,2013,39120,Fair,27044
Toyota,Camry,2012,20345,Good,28983
Ford,Silverado,2010,65181,Good,28741
Ford,Camry,2017,91498,Excellent,20425
Nissan,Altima,2014,144681,Excellent,20766
Chevrolet,Civic,2019,122038,Good,16898
Toyota,Camry,2020,136729,Excellent,15163
Nissan,Silverado,2020,70547,Good,18473
Chevrolet,Altima,2014,91148,Excellent,23443
Nissan,F-150,2010,84697,Good,27765
Honda,Silverado,2015,147077,Excellent,19646
Ford,Civic,2021,75674,Excellent,17216
Chevrolet,Camry,2010,79677,Excellent,28016
Nissan,F-150,2014,37607,Good,26120
Honda,Silverado,2011,132239,Good,24388
Toyota,Camry,2010,139826,Excellent,25009
Honda,F-150,2011,33101,Good,29345
Toyota,Altima,2013,102901,Excellent,23855
Honda,Camry,2013,75318,Excellent,25234
Ford,Camry,2017,127836,Good,18608
Chevrolet,Altima,2020,146457,Excellent,14677
Nissan,Altima,2022,94256,Fair,15287
Honda,Silverado,2018,136777,Excellent,17161
Honda,Camry,2019,29100,Excellent,21545
Chevrolet,Camry,2021,79881,Good,17006
Chevrolet,Altima,2012,72070,Excellent,26397
Chevrolet,Civic,2011,63223,Excellent,27839
Toyota,Camry,2011,120615,Good,24969
Chevrolet,F-150,2018,81236,Fair,19938
Nissan,Civic,2020,96791,Excellent,17161
Chevrolet,F-150,2021,34932,Excellent,19254
Chevrolet,Silverado,2011,22768,Excellent,29862
Chevrolet,Silverado,2016,111433,Good,20428
Honda,Civic,2021,84577,Excellent,16771
Toyota,Altima,2022,66857,Good,16657
Honda,Camry,2016,141774,Good,18911
Ford,Civic,2012,55039,Excellent,27248
Toyota,Civic,2018,92293,Excellent,19385
Toyota,F-150,2015,50227,Fair,24489
Chevrolet,F-150,2020,146032,Good,14698
Chevrolet,F-150,2016,11712,Good,25414
Nissan,F-150,2011,10893,Excellent,30455
Chevrolet,F-150,2016,69357,Good,22532
Toyota,Silverado,2020,134241,Excellent,15288
Honda,F-150,2011,86503,Excellent,26675
Honda,F-150,2020,31423,Excellent,20429
Ford,F-150,2016,77119,Excellent,22144
Toyota,Civic,2020,19145,Excellent,21043
Chevrolet,Civic,2017,45739,Excellent,22713
Ford,Silverado,2019,28133,Excellent,21593
Ford,Civic,2019,105690,Excellent,17716
Chevrolet,Silverado,2020,119038,Excellent,16048
Toyota,Camry,2020,64221,Good,18789
Honda,Civic,2011,77760,Good,27112
Toyota,Camry,2014,33785,Good,26311
Toyota,F-150,2020,61104,Excellent,18945
Honda,F-150,2019,106037,Excellent,17698
Honda,Camry,2017,108648,Excellent,19568
Toyota,Altima,2020,101801,Excellent,16910
Chevrolet,Civic,2016,11795,Excellent,25410
Ford,F-150,2019,64700,Good,19765
Toyota,F-150,2021,42702,Excellent,18865
Toyota,Camry,2010,85004,Fair,27750
Toyota,F-150,2012,97595,Good,25120
Chevrolet,Altima,2021,135165,Excellent,14242
Toyota,F-150,2022,145864,Excellent,12707
Toyota,Civic,2021,133133,Excellent,14343
Chevrolet,Camry,2019,43995,Excellent,20800
Nissan,Camry,2014,131612,Fair,21420
Honda,Altima,2012,74521,Fair,26274
Ford,Silverado,2014,106467,Fair,22677
Honda,F-150,2013,77857,Excellent,25107
Chevrolet,F-150,2019,13554,Good,22322
Honda,Camry,2015,122891,Excellent,20856
Chevrolet,Altima,2010,89618,Good,27519
Ford,Camry,2010,74986,Fair,28251
Nissan,Silverado,2017,73340,Excellent,21333
Chevrolet,Altima,2015,148214,Excellent,19589
Honda,Civic,2015,122879,Excellent,20856
Ford,Altima,2017,45756,Good,22712
Ford,Camry,2017,149068,Good,17547
Honda,Silverado,2011,137472,Excellent,24126
Ford,F-150,2020,90987,Excellent,17451
Nissan,Camry,2017,123512,Excellent,18825
Ford,Civic,2017,116988,Excellent,19151
Toyota,Altima,2020,86137,Fair,17693
Toyota,F-150,2011,51340,Excellent,28433
Chevrolet,Silverado,2018,136757,Good,17162
Honda,Civic,2014,34734,Fair,26263
Honda,Altima,2016,80192,Excellent,21991
Nissan,Silverado,2019,123810,Excellent,16809
Chevrolet,Altima,2016,149200,Excellent,18540
Honda,Civic,2010,147306,Good,24635
Chevrolet,Camry,2020,107596,Good,16620
Toyota,F-150,2011,128818,Excellent,24559
Honda,Camry,2018,35305,Excellent,22235
Honda,Civic,2017,94183,Excellent,20291
Toyota,Altima,2020,42621,Good,19869
Chevrolet,Civic,2021,96118,Excellent,16194
Ford,F-150,2014,79483,Good,24026
Chevrolet,Altima,2017,133889,Excellent,18306
Nissan,Silverado,2013,59560,Excellent,26022
Toyota,Civic,2021,87129,Excellent,16644
Ford,F-150,2014,93807,Excellent,23310
Toyota,Camry,2011,108907,Good,25555
Ford,Altima,2015,61687,Good,23916
Chevrolet,Altima,2016,56247,Good,23188
Nissan,Altima,2022,15992,Fair,19201
Honda,Civic,2012,48331,Excellent,27584
Nissan,F-150,2013,106330,Good,23684
Toyota,Civic,2017,63826,Good,21809
Honda,Camry,2013,36782,Excellent,27161
Ford,F-150,2021,109551,Excellent,15523
Toyota,Camry,2011,124937,Excellent,24753
Ford,Camry,2010,99234,Excellent,27038
Honda,Camry,2012,102406,Excellent,24880
Honda,Altima,2022,140603,Excellent,12970
Nissan,Civic,2012,47534,Good,27623
Chevrolet,F-150,2011,50007,Fair,28500
Honda,Altima,2017,15545,Excellent,24223
Ford,Camry,2022,142080,Good,12896
Toyota,F-150,2021,127693,Excellent,14615
Ford,Altima,2010,63023,Excellent,28849
Chevrolet,Civic,2017,148254,Excellent,17587
Honda,Civic,2021,136606,Good,14170
Honda,Civic,2010,47611,Excellent,29620
Nissan,F-150,2014,106119,Excellent,22694
Toyota,Civic,2011,102926,Good,25854
Chevrolet,Camry,2019,120286,Excellent,16986
Nissan,Silverado,2022,72203,Excellent,16390
Toyota,Camry,2019,48503,Excellent,20575
Honda,Camry,2013,136202,Good,22190
Honda,Silverado,2019,122062,Good,16897
Toyota,Civic,2012,45294,Excellent,27735
Honda,Silverado,2020,104399,Fair,16780
Ford,Camry,2019,137827,Good,16109
Toyota,Altima,2013,108091,Excellent,23595
Honda,Altima,2010,68159,Excellent,28592
Nissan,Altima,2019,59808,Good,20010
Nissan,Silverado,2014,33890,Excellent,26306
Nissan,F-150,2017,125049,Good,18747
Honda,Civic,2019,30687,Fair,21466
Nissan,Altima,2022,56155,Good,17192
Chevrolet,Altima,2014,49867,Excellent,25507
Toyota,Civic,2011,113560,Excellent,25322
Toyota,Civic,2022,46699,Good,17665
Toyota,Altima,2010,81063,Excellent,27947
Nissan,Camry,2013,41285,Excellent,26936
Chevrolet,Altima,2010,109321,Good,26534
Ford,Silverado,2021,75482,Excellent,17226
Nissan,F-150,2018,75823,Good,20209
Chevrolet,Civic,2012,15826,Excellent,29209
Honda,Civic,2011,112032,Excellent,25398
Ford,Altima,2014,44172,Excellent,25792
Honda,F-150,2012,21025,Excellent,28949
Honda,Camry,2011,103575,Excellent,25821
Toyota,Civic,2011,53575,Good,28321
Toyota,Camry,2022,116465,Excellent,14177
Nissan,Civic,2010,37265,Fair,30137
Ford,Civic,2011,25277,Excellent,29736
Chevrolet,Silverado,2013,83668,Good,24817
Honda,Civic,2014,10120,Excellent,27494
Nissan,Civic,2014,36447,Good,26178
Chevrolet,Camry,2018,96151,Excellent,19193
Nissan,Silverado,2016,47829,Excellent,23609
Toyota,Camry,2010,145528,Excellent,24724
Nissan,Altima,2019,61278,Good,19936
Nissan,Altima,2012,21770,Excellent,28911
Ford,Silverado,2013,49622,Excellent,26519
Nissan,Silverado,2013,82654,Excellent,24867
Honda,Civic,2018,55849,Excellent,21208
Honda,Civic,2019,115299,Excellent,17235
Toyota,Camry,2012,29265,Excellent,28537
Nissan,Civic,2022,23865,Excellent,18807
Chevrolet,Civic,2019,84547,Excellent,18773
Nissan,F-150,2013,97585,Excellent,24121
Toyota,Civic,2015,22308,Fair,25885
Honda,Camry,2012,84092,Excellent,25796
Toyota,Civic,2014,94561,Fair,23272
Nissan,Altima,2021,84366,Excellent,16782
Nissan,Altima,2021,126719,Excellent,14664
Honda,Silverado,2014,75393,Good,24230
Toyota,F-150,2010,12923,Excellent,31354
Nissan,Altima,2012,43860,Excellent,27807
Nissan,Civic,2019,96715,Excellent,18164
Chevrolet,Camry,2016,105787,Good,20711
Toyota,Silverado,2010,115209,Excellent,26240
Toyota,Altima,2020,46725,Excellent,19664
Nissan,Civic,2013,108600,Excellent,23570
Ford,Altima,2019,30151,Good,21492
Ford,Altima,2015,82459,Excellent,22877
Chevrolet,Silverado,2010,22994,Good,30850
Ford,Altima,2012,114588,Good,24271
Ford,Civic,2012,138655,Good,23067
Ford,F-150,2021,26938,Excellent,19653
Ford,Camry,2022,60341,Excellent,16983
Toyota,Altima,2014,117813,Excellent,22109
Ford,F-150,2012,32250,Excellent,28388
Honda,Camry,2020,75326,Excellent,18234
Chevrolet,F-150,2013,44970,Good,26751
Nissan,Civic,2010,40889,Good,29956
Honda,Camry,2018,104690,Good,18766
Ford,Altima,2012,34266,Fair,28287
Toyota,F-150,2016,116714,Fair,20164
Honda,Camry,2010,61450,Excellent,28928
Ford,F-150,2015,79970,Excellent,23001
Chevrolet,F-150,2013,19440,Good,28028
Honda,Silverado,2010,94434,Excellent,27278
Chevrolet,Altima,2018,86446,Fair,19678
Chevrolet,Civic,2022,70874,Good,16456
Toyota,F-150,2019,140645,Excellent,15968
Chevrolet,Camry,2018,19475,Excellent,23026
Chevrolet,Altima,2012,126659,Excellent,23667
Toyota,Altima,2011,60733,Excellent,27963
Chevrolet,Civic,2016,97889,Good,21106
Ford,Camry,2010,54309,Excellent,29285
Ford,Camry,2012,135239,Excellent,23238
Ford,Silverado,2012,111072,Excellent,24447
Nissan,Civic,2018,97741,Excellent,19113
Chevrolet,Civic,2020,95720,Excellent,17214
Nissan,F-150,2011,41636,Fair,28918
Ford,Camry,2021,21971,Fair,19902
Honda,Silverado,2020,31688,Excellent,20416
Chevrolet,Altima,2013,70354,Excellent,25482
Chevrolet,F-150,2018,101911,Good,18904
Ford,Altima,2019,30538,Good,21473
Ford,Camry,2011,13052,Excellent,30347
Chevrolet,Altima,2011,38801,Excellent,29060
Chevrolet,Camry,2013,114013,Excellent,23299
Toyota,F-150,2021,110323,Good,15484
Ford,Civic,2016,74780,Excellent,22261
Chevrolet,F-150,2018,68977,Fair,20551
Honda,Camry,2017,24030,Excellent,23798
Chevrolet,Civic,2018,105608,Good,18720
Honda,Civic,2016,38708,Excellent,24065
Nissan,Altima,2018,136627,Excellent,17169
Honda,F-150,2017,77391,Good,21131
Honda,F-150,2016,81032,Good,21949
Ford,Altima,2022,42956,Excellent,17852
Honda,Altima,2011,137181,Fair,24141
Chevrolet,Silverado,2015,85619,Good,22719
Ford,Silverado,2014,110014,Excellent,22499
Toyota,Camry,2022,121039,Good,13948
Nissan,F-150,2011,81738,Excellent,26913
Chevrolet,Altima,2017,125611,Excellent,18720
Toyota,Camry,2010,88965,Excellent,27552
Ford,Camry,2021,108001,Excellent,15600
Ford,Camry,2019,13201,Good,22340
Ford,Camry,2022,12737,Good,19363
Chevrolet,F-150,2014,93523,Excellent,23324
Chevrolet,Altima,2018,56474,Excellent,21176
Chevrolet,Civic,2014,100753,Good,22962
Nissan,Altima,2016,106614,Fair,20669
Chevrolet,Civic,2015,133193,Good,20340
Honda,Altima,2020,135632,Excellent,15219
Toyota,Civic,2013,49994,Excellent,26500
Toyota,Altima,2022,75254,Excellent,16237
Ford,F-150,2013,134117,Excellent,22294
Toyota,Altima,2017,23845,Good,23808
Toyota,Silverado,2013,54943,Excellent,26253
Nissan,Camry,2015,19070,Good,26047
Ford,Silverado,2019,70356,Excellent,19482
Nissan,Altima,2016,67134,Good,22643
Chevrolet,F-150,2018,96149,Excellent,19193
Ford,Camry,2015,16105,Excellent,26195
Ford,Civic,2016,12784,Excellent,25361
Ford,F-150,2012,94169,Excellent,25291
Ford,Altima,2017,78336,Fair,21083
Honda,Silverado,2017,125701,Good,18715
Toyota,Civic,2013,73364,Excellent,25332
Chevrolet,Altima,2020,122285,Good,15886
Honda,Camry,2011,57068,Excellent,28147
Nissan,F-150,2013,98891,Excellent,24055
Toyota,Silverado,2010,70053,Excellent,28497
Honda,F-150,2016,133334,Good,19333
Honda,Camry,2012,72053,Good,26397
Chevrolet,Altima,2017,50986,Good,22451
Ford,Altima,2013,66767,Excellent,25662
Chevrolet,Silverado,2010,127943,Excellent,25603
Ford,F-150,2017,89206,Excellent,20540
Honda,Civic,2018,103726,Good,18814
Chevrolet,Camry,2021,130741,Fair,14463
Chevrolet,Altima,2015,74527,Excellent,23274
Toyota,Altima,2014,107263,Excellent,22637
Toyota,Altima,2019,64217,Excellent,19789
Toyota,F-150,2011,37478,Fair,29126
Nissan,Altima,2022,41167,Excellent,17942
Toyota,Altima,2018,27348,Excellent,22633
Nissan,Altima,2013,109094,Excellent,23545
Toyota,Camry,2012,136407,Excellent,23180
Chevrolet,Altima,2022,69882,Good,16506
Toyota,Camry,2014,127738,Excellent,21613
Toyota,F-150,2016,51451,Good,23428
Ford,Civic,2013,53898,Excellent,26305
Honda,Altima,2012,113390,Good,24331
Honda,Silverado,2015,50874,Excellent,24456
Nissan,Camry,2010,149032,Excellent,24549
Chevrolet,F-150,2014,20608,Excellent,26970
Ford,Altima,2016,109851,Good,20508
Toyota,Silverado,2010,11704,Good,31415
Nissan,Silverado,2017,128390,Excellent,18581
